"Parlamentar","Partido","UF","Cargo","Genero","Cargo_MesaDiretora"
"Abigail Feitosa","PMDB","BA","Deputado","Female","Sem cargo"
"Acival Gomes","PMDB","SE","Deputado","Male","Sem cargo"
"Adauto Pereira","PDS","PB","Deputado","Male","Sem cargo"
"Ademir Andrade","PMDB","PA","Deputado","Male","Sem cargo"
"Adhemar De Barros Filho","PDT","SP","Deputado","Male","Sem cargo"
"Adolfo Oliveira","PL","RJ","Deputado","Male","Sem cargo"
"Adroaldo Streck","PDT","RS","Deputado","Male","Sem cargo"
"Adylson Motta","PDS","RS","Deputado","Male","Sem cargo"
"Aécio De Borda","PDS","CE","Deputado","Male","Sem cargo"
"Aécio Neves","PMDB","MG","Deputado","Male","Sem cargo"
"Afif Domingos","PL","SP","Deputado","Male","Sem cargo"
"Agassiz Almeida","PMDB","PB","Deputado","Male","Sem cargo"
"Agripino De Oliveira Lima","PFL","SP","Deputado","Male","Sem cargo"
"Airton Cordeiro","PDT","PR","Deputado","Male","Sem cargo"
"Airton Sandoval","PMDB","SP","Deputado","Male","Sem cargo"
"Alair Ferreira","PFL","RJ","Deputado","Male","Sem cargo"
"Alarico Abib","PMDB","PR","Deputado","Male","Sem cargo"
"Albérico Cordeiro","PFL","AL","Deputado","Male","Sem cargo"
"Albérico Filho","PMDB","MA","Deputado","Male","Sem cargo"
"Alceni Guerra","PFL","PR","Deputado","Male","Sem cargo"
"Alcides Saldanha","PMDB","RS","Deputado","Male","Sem cargo"
"Aldo Arantes","PMDB","GO","Deputado","Male","Sem cargo"
"Alércio Dias","PFL","AC","Deputado","Male","Sem cargo"
"Alexandre Puzyna","PMDB","SC","Deputado","Male","Sem cargo"
"Aloísio Vasconcelos","PMDB","MG","Deputado","Male","Sem cargo"
"Aloysio Chaves","PFL","PA","Deputado","Male","Sem cargo"
"Aloysio Teixeira","PMDB","RJ","Deputado","Male","Sem cargo"
"Aluízio Campos","PMDB","PB","Deputado","Male","Sem cargo"
"Alvaro Antonio","PMDB","MG","Deputado","Male","Sem cargo"
"Álvaro Valle","PL","RJ","Deputado","Male","Sem cargo"
"Alysson Paulinelli","PFL","MG","Deputado","Male","Sem cargo"
"Amaral Netto","PDS","RJ","Deputado","Male","Sem cargo"
"Amaury Muller","PDT","RS","Deputado","Male","Sem cargo"
"Amilcar Moreira","PMDB","PA","Deputado","Male","Sem cargo"
"Ângelo Magalhães","PFL","BA","Deputado","Male","Sem cargo"
"Anna Maria Rattes","PMDB","RJ","Deputado","Female","Sem cargo"
"Annibal Barcellos","PFL","AP","Deputado","Male","Sem cargo"
"Antero De Barros","PMDB","MT","Deputado","Male","Sem cargo"
"Antônio Britto","PMDB","RS","Deputado","Male","Sem cargo"
"Antônio Câmara","PMDB","RN","Deputado","Male","Sem cargo"
"Antônio Carlos Franco","PMDB","SE","Deputado","Male","Sem cargo"
"Antônio Carlos Konder Reis","PDS","SC","Deputado","Male","Sem cargo"
"Antonio Carlos Mendes Thame","PFL","SP","Deputado","Male","Sem cargo"
"Antônio De Jesus","PMDB","GO","Deputado","Male","Sem cargo"
"Antonio Ferreira","PFL","AL","Deputado","Male","Sem cargo"
"Antônio Gaspar","PMDB","MA","Deputado","Male","Sem cargo"
"Antonio Mariz","PMDB","PB","Deputado","Male","Sem cargo"
"Antônio Perosa","PMDB","SP","Deputado","Male","Sem cargo"
"Antônio Salim Curiati","PDS","SP","Deputado","Male","Sem cargo"
"Antonio Ueno","PFL","PR","Deputado","Male","Sem cargo"
"Arnaldo Faria De Sá","PTB","SP","Deputado","Male","3º Secretário"
"Arnaldo Martins","PMDB","RO","Deputado","Male","Sem cargo"
"Arnaldo Moraes","PMDB","PA","Deputado","Male","Sem cargo"
"Arnaldo Prieto","PFL","RS","Deputado","Male","Sem cargo"
"Arnold Fioravante","PDS","SP","Deputado","Male","Sem cargo"
"Arolde De Oliveira","PFL","RJ","Deputado","Male","Sem cargo"
"Artenir Werner","PDS","SC","Deputado","Male","Sem cargo"
"Artur Da Távola","PMDB","RJ","Deputado","Male","Sem cargo"
"Asdrubal Bentes","PMDB","PA","Deputado","Male","Sem cargo"
"Assis Canuto","PFL","RO","Deputado","Male","Sem cargo"
"Átila Lira","PFL","PI","Deputado","Male","Sem cargo"
"Augusto Carvalho","PCB","DF","Deputado","Male","Sem cargo"
"Basílio Villani","PMDB","PR","Deputado","Male","Sem cargo"
"Benedicto Monteiro","PMDB","PA","Deputado","Male","Sem cargo"
"Benedita Da Silva","PT","RJ","Deputado","Female","Suplente"
"Benito Gama","PFL","BA","Deputado","Male","Sem cargo"
"Bernardo Cabral","PMDB","AM","Deputado","Male","Sem cargo"
"Bete Mendes","PMDB","SP","Deputado","Female","Sem cargo"
"Beth Azize","PSB","AM","Deputado","Female","Sem cargo"
"Bezerra De Melo","PMDB","CE","Deputado","Male","Sem cargo"
"Bocayuva Cunha","PDT","RJ","Deputado","Male","Sem cargo"
"Bonifácio De Andrada","PDS","MG","Deputado","Male","Sem cargo"
"Borges Da Silveira","PMDB","PR","Deputado","Male","Sem cargo"
"Bosco França","PMDB","SE","Deputado","Male","Sem cargo"
"Brandão Monteiro","PDT","RJ","Deputado","Male","Sem cargo"
"Caio Pompeu","PMDB","SP","Deputado","Male","Sem cargo"
"Cardoso Alves","PMDB","SP","Deputado","Male","Sem cargo"
"Carlos Alberto Caó","PDT","RJ","Deputado","Male","Sem cargo"
"Carlos Benevides","PMDB","CE","Deputado","Male","Sem cargo"
"Carlos Cardinal","PDT","RS","Deputado","Male","Sem cargo"
"Carlos Cotta","PMDB","MG","Deputado","Male","Sem cargo"
"Carlos Mosconi","PMDB","MG","Deputado","Male","Sem cargo"
"Carlos Santanna","PMDB","BA","Deputado","Male","Sem cargo"
"Carlos Vinagre","PMDB","PA","Deputado","Male","Sem cargo"
"Carlos Virgílio","PDS","CE","Deputado","Male","Sem cargo"
"Carrel Benevides","PMDB","AM","Deputado","Male","Sem cargo"
"Cássio Cunha Lima","PMDB","PB","Deputado","Male","Sem cargo"
"Célio De Castro","PMDB","MG","Deputado","Male","Sem cargo"
"Celso Dourado","PMDB","BA","Deputado","Male","Sem cargo"
"César Cals Neto","PDS","CE","Deputado","Male","Sem cargo"
"Cesar Maia","PDT","RJ","Deputado","Male","Sem cargo"
"Chagas Duarte","PFL","RR","Deputado","Male","Sem cargo"
"Chagas Neto","PMDB","RO","Deputado","Male","Sem cargo"
"Chico Humberto","PDT","MG","Deputado","Male","Sem cargo"
"Christovam Chiaradia","PFL","MG","Deputado","Male","Sem cargo"
"Cid Carvalho","PMDB","MA","Deputado","Male","Sem cargo"
"Cláudio Ávila","PFL","SC","Deputado","Male","Sem cargo"
"Cleonâncio Fonseca","PFL","SE","Deputado","Male","Sem cargo"
"Costa Ferreira","PFL","MA","Deputado","Male","Sem cargo"
"Cristina Tavares","PSDB","PE","Deputado","Female","Sem cargo"
"Cunha Bueno","PDS","SP","Deputado","Male","Sem cargo"
"Dalton Canabrava","PMDB","MG","Deputado","Male","Sem cargo"
"Darcy Deitos","PMDB","PR","Deputado","Male","Sem cargo"
"Darcy Pozza","PDS","RS","Deputado","Male","Sem cargo"
"Daso Coimbra","PMDB","RJ","Deputado","Male","Sem cargo"
"Davi Alves Silva","PDS","MA","Deputado","Male","Sem cargo"
"Del Bosco Amaral","PMDB","SP","Deputado","Male","Sem cargo"
"Delfim Netto","PDS","SP","Deputado","Male","Sem cargo"
"Délio Braz","PMDB","GO","Deputado","Male","Sem cargo"
"Denisar Arneiro","PMDB","RJ","Deputado","Male","Sem cargo"
"Dionísio Dal-Prá","PFL","PR","Deputado","Male","Sem cargo"
"Dionísio Hage","PFL","PA","Deputado","Male","Sem cargo"
"Dirce Tutu Quadros","PSC","SP","Deputado","Female","Sem cargo"
"Djenal Gonçalves","PDS","SE","Deputado","Male","Sem cargo"
"Domingos Juvenil","PMDB","PA","Deputado","Male","Sem cargo"
"Domingos Leonelli","PMDB","BA","Deputado","Male","Sem cargo"
"Doreto Campanari","PMDB","SP","Deputado","Male","Sem cargo"
"Edésio Frias","PDT","RJ","Deputado","Male","Sem cargo"
"Edivaldo Holanda","PL","MA","Deputado","Male","Sem cargo"
"Edivaldo Motta","PMDB","PB","Deputado","Male","Sem cargo"
"Edme Tavares","PFL","PB","Deputado","Male","Sem cargo"
"Edmilson Valentim","PCdoB","RJ","Deputado","Male","Sem cargo"
"Eduardo Bomfim","PMDB","AL","Deputado","Male","Sem cargo"
"Eduardo Jorge","PT","SP","Deputado","Male","Sem cargo"
"Eduardo Moreira","PMDB","SC","Deputado","Male","Sem cargo"
"Egídio Ferreira Lima","PMDB","PE","Deputado","Male","Sem cargo"
"Elias Murad","PTB","MG","Deputado","Male","Sem cargo"
"Eliel Rodrigues","PMDB","PA","Deputado","Male","Sem cargo"
"Eliézer Moreira","PFL","MA","Deputado","Male","Sem cargo"
"Enoc Vieira","PFL","MA","Deputado","Male","Sem cargo"
"Eraldo Tinoco","PFL","BA","Deputado","Male","Sem cargo"
"Eraldo Trindade","PFL","AP","Deputado","Male","Sem cargo"
"Érico Pegoraro","PFL","RS","Deputado","Male","Sem cargo"
"Ervin Bonkoski","PMDB","PR","Deputado","Male","Sem cargo"
"Etevaldo Nogueira","PFL","CE","Deputado","Male","Sem cargo"
"Euclides Scalco","PMDB","PR","Deputado","Male","Sem cargo"
"Eunice Michiles","PFL","AM","Deputado","Female","Sem cargo"
"Evaldo Gonçalves","PFL","PB","Deputado","Male","Sem cargo"
"Expedito Júnior","PMDB","RO","Deputado","Male","Sem cargo"
"Expedito Machado","PMDB","CE","Deputado","Male","Sem cargo"
"Ézio Ferreira","PFL","AM","Deputado","Male","Sem cargo"
"Fábio Feldmann","PMDB","SP","Deputado","Male","Sem cargo"
"Fábio Raunheitti","PTB","RJ","Deputado","Male","Sem cargo"
"Fadah Gattass","PMDB","MS","Deputado","Male","Sem cargo"
"Farabulini Júnior","PTB","SP","Deputado","Male","Sem cargo"
"Fausto Fernandes","PMDB","PA","Deputado","Male","Sem cargo"
"Fausto Rocha","PFL","SP","Deputado","Male","Sem cargo"
"Felipe Cheidde","PMDB","SP","Deputado","Male","Sem cargo"
"Felipe Mendes","PDS","PI","Deputado","Male","Sem cargo"
"Féres Nader","PDT","RJ","Deputado","Male","Sem cargo"
"Fernando Bezerra Coelho","PMDB","PE","Deputado","Male","Sem cargo"
"Fernando Cunha","PMDB","GO","Deputado","Male","Sem cargo"
"Fernando Gasparian","PMDB","SP","Deputado","Male","Sem cargo"
"Fernando Gomes","PMDB","BA","Deputado","Male","Sem cargo"
"Fernando Lyra","PMDB","PE","Deputado","Male","Sem cargo"
"Fernando Santanna","PCB","BA","Deputado","Male","Sem cargo"
"Fernando Velasco","PMDB","PA","Deputado","Male","Sem cargo"
"Firmo De Castro","PMDB","CE","Deputado","Male","Sem cargo"
"Flávio Palmier Da Veiga","PMDB","RJ","Deputado","Male","Sem cargo"
"Flávio Rocha","PL","RN","Deputado","Male","Sem cargo"
"Florestan Fernandes","PT","SP","Deputado","Male","Sem cargo"
"Floriceno Paixão","PDT","RS","Deputado","Male","Sem cargo"
"França Teixeira","PMDB","BA","Deputado","Male","Sem cargo"
"Francisco Amaral","PMDB","SP","Deputado","Male","Sem cargo"
"Francisco Benjamim","PFL","BA","Deputado","Male","Sem cargo"
"Francisco Carneiro","PMDB","DF","Deputado","Male","Sem cargo"
"Francisco Coelho","PFL","MA","Deputado","Male","Sem cargo"
"Francisco Dias","PMDB","SP","Deputado","Male","Sem cargo"
"Francisco Diógenes","PDS","AC","Deputado","Male","Sem cargo"
"Francisco Dornelles","PFL","RJ","Deputado","Male","Sem cargo"
"Francisco Kuster","PMDB","SC","Deputado","Male","Sem cargo"
"Francisco Pinto","PMDB","BA","Deputado","Male","Sem cargo"
"Francisco Rossi","PTB","SP","Deputado","Male","Sem cargo"
"Francisco Sales","PMDB","RO","Deputado","Male","Sem cargo"
"Furtado Leite","PFL","CE","Deputado","Male","Sem cargo"
"Gabriel Guerreiro","PMDB","PA","Deputado","Male","Sem cargo"
"Gandi Jamil","PFL","MS","Deputado","Male","Sem cargo"
"Gastone Righi","PTB","SP","Deputado","Male","Sem cargo"
"Genebaldo Correia","PMDB","BA","Deputado","Male","Sem cargo"
"Genésio Bernardino","PMDB","MG","Deputado","Male","Sem cargo"
"Geovah Amarante","PMDB","SC","Deputado","Male","Sem cargo"
"Geovani Borges","PFL","AP","Deputado","Male","Sem cargo"
"Geraldo Alckmin Filho","PMDB","SP","Deputado","Male","Sem cargo"
"Geraldo Bulhões","PMDB","AL","Deputado","Male","Sem cargo"
"Geraldo Campos","PMDB","DF","Deputado","Male","Sem cargo"
"Geraldo Fleming","PMDB","AC","Deputado","Male","Sem cargo"
"Geraldo Melo","PMDB","PE","Deputado","Male","Sem cargo"
"Gerson Marcondes","PMDB","SP","Deputado","Male","Sem cargo"
"Gerson Peres","PDS","PA","Deputado","Male","Sem cargo"
"Gidel Dantas","PMDB","CE","Deputado","Male","Sem cargo"
"Gil César","PMDB","MG","Deputado","Male","Sem cargo"
"Gilson Machado","PFL","PE","Deputado","Male","Sem cargo"
"Gonzaga Patriota","PMDB","PE","Deputado","Male","Sem cargo"
"Gumercindo Milhomem","PT","SP","Deputado","Male","Sem cargo"
"Gustavo De Faria","PMDB","RJ","Deputado","Male","Sem cargo"
"Harlan Gadelha","PMDB","PE","Deputado","Male","Sem cargo"
"Haroldo Lima","PCdoB","BA","Deputado","Male","Sem cargo"
"Haroldo Sabóia","PMDB","MA","Deputado","Male","Sem cargo"
"Hélio Costa","PMDB","MG","Deputado","Male","Sem cargo"
"Hélio Duque","PMDB","PR","Deputado","Male","Sem cargo"
"Helio Manhães","PMDB","ES","Deputado","Male","Sem cargo"
"Hélio Rosas","PMDB","SP","Deputado","Male","Sem cargo"
"Henrique Córdova","PDS","SC","Deputado","Male","Sem cargo"
"Henrique Eduardo Alves","PMDB","RN","Deputado","Male","Sem cargo"
"Heráclito Fortes","PMDB","PI","Deputado","Male","Sem cargo"
"Hermes Zaneti","PMDB","RS","Deputado","Male","Sem cargo"
"Hilário Braun","PMDB","RS","Deputado","Male","Sem cargo"
"Homero Santos","PFL","MG","Deputado","Male","Sem cargo"
"Horácio Ferraz","PFL","PE","Deputado","Male","Sem cargo"
"Humberto Souto","PFL","MG","Deputado","Male","Sem cargo"
"Iberê Ferreira","PFL","RN","Deputado","Male","Sem cargo"
"Ibsen Pinheiro","PMDB","RS","Deputado","Male","Sem cargo"
"Inocêncio Oliveira","PFL","PE","Deputado","Male","Sem cargo"
"Irajá Rodrigues","PMDB","RS","Deputado","Male","Sem cargo"
"Irma Passoni","PT","SP","Deputado","Female","Sem cargo"
"Ismael Wanderley","PMDB","RN","Deputado","Male","Sem cargo"
"Israel Pinheiro Filho","PMDB","MG","Deputado","Male","Sem cargo"
"Iturival Nascimento","PMDB","GO","Deputado","Male","Sem cargo"
"Ivo Cersósimo","PMDB","MS","Deputado","Male","Sem cargo"
"Ivo Lech","PMDB","RS","Deputado","Male","Sem cargo"
"Ivo Mainardi","PMDB","RS","Deputado","Male","Sem cargo"
"Ivo Vanderlinde","PMDB","SC","Deputado","Male","Sem cargo"
"Jacy Scanagatta","PFL","PR","Deputado","Male","Sem cargo"
"Jairo Azi","PFL","BA","Deputado","Male","Sem cargo"
"Jairo Carneiro","PFL","BA","Deputado","Male","Sem cargo"
"Jalles Fontoura","PFL","GO","Deputado","Male","Sem cargo"
"Jayme Paliarin","PTB","SP","Deputado","Male","Sem cargo"
"Jayme Santana","PFL","MA","Deputado","Male","Sem cargo"
"Jessé Freire","PFL","RN","Deputado","Male","Sem cargo"
"Jesualdo Cavalcanti","PFL","PI","Deputado","Male","Sem cargo"
"Jesus Tajra","PFL","PI","Deputado","Male","Sem cargo"
"Joaci Góes","PMDB","BA","Deputado","Male","Sem cargo"
"João Agripino","PMDB","PB","Deputado","Male","Sem cargo"
"João Alves","PFL","BA","Deputado","Male","Sem cargo"
"João Carlos Bacelar","PMDB","BA","Deputado","Male","Sem cargo"
"João Cunha","PMDB","SP","Deputado","Male","Sem cargo"
"João Da Mata","PFL","PB","Deputado","Male","Sem cargo"
"João De Deus Antunes","PDT","RS","Deputado","Male","Sem cargo"
"João Herrmann Neto","PMDB","SP","Deputado","Male","Sem cargo"
"João Machado Rollemberg","PFL","SE","Deputado","Male","Sem cargo"
"João Natal","PMDB","GO","Deputado","Male","Sem cargo"
"João Paulo","PT","MG","Deputado","Male","Sem cargo"
"João Rezek","PMDB","SP","Deputado","Male","Sem cargo"
"Joaquim Bevilacqua","PTB","SP","Deputado","Male","Sem cargo"
"Joaquim Francisco","PFL","PE","Deputado","Male","Sem cargo"
"Joaquim Haickel","PMDB","MA","Deputado","Male","Sem cargo"
"Joaquim Sucena","PMDB","MT","Deputado","Male","Sem cargo"
"Jofran Frejat","PFL","DF","Deputado","Male","Sem cargo"
"Jonas Pinheiro","PFL","MT","Deputado","Male","Sem cargo"
"Jonival Lucas","PFL","BA","Deputado","Male","Sem cargo"
"Jorge Arbage","PDS","PA","Deputado","Male","2º Vice-Presidente"
"Jorge Hage","PMDB","BA","Deputado","Male","Sem cargo"
"Jorge Leite","PMDB","RJ","Deputado","Male","Sem cargo"
"Jorge Medauar","PMDB","BA","Deputado","Male","Sem cargo"
"Jorge Uequed","PMDB","RS","Deputado","Male","Sem cargo"
"Jorge Vianna","PMDB","BA","Deputado","Male","Sem cargo"
"José Camargo","PFL","SP","Deputado","Male","Sem cargo"
"José Carlos Coutinho","PL","RJ","Deputado","Male","Sem cargo"
"José Carlos Grecco","PMDB","SP","Deputado","Male","Sem cargo"
"José Carlos Martinez","PMDB","PR","Deputado","Male","Sem cargo"
"José Carlos Sabóia","PMDB","MA","Deputado","Male","Sem cargo"
"José Carlos Vasconcellos","PMDB","PE","Deputado","Male","Sem cargo"
"José Costa","PMDB","AL","Deputado","Male","Sem cargo"
"José Da Conceição","PMDB","MG","Deputado","Male","Sem cargo"
"José Dutra","PMDB","AM","Deputado","Male","Sem cargo"
"José Egreja","PTB","SP","Deputado","Male","Sem cargo"
"José Elias","PTB","MS","Deputado","Male","Sem cargo"
"José Fernandes","PDT","AM","Deputado","Male","Sem cargo"
"José Freire","PMDB","GO","Deputado","Male","Sem cargo"
"José Genoíno","PT","SP","Deputado","Male","Sem cargo"
"José Geraldo Ribeiro","PMDB","MG","Deputado","Male","Sem cargo"
"José Guedes","PMDB","RO","Deputado","Male","Sem cargo"
"José Jorge","PFL","PE","Deputado","Male","Sem cargo"
"José Lins","PFL","CE","Deputado","Male","Sem cargo"
"José Lourenço","PFL","BA","Deputado","Male","Sem cargo"
"José Luiz De Sá","PL","RJ","Deputado","Male","Sem cargo"
"José Luiz Maia","PDS","PI","Deputado","Male","Sem cargo"
"José Maranhão","PMDB","PB","Deputado","Male","Sem cargo"
"José Maria Eymael","PDC","SP","Deputado","Male","Sem cargo"
"José Maurício","PDT","RJ","Deputado","Male","Sem cargo"
"José Melo","PMDB","AC","Deputado","Male","Sem cargo"
"José Mendonça Bezerra","PFL","PE","Deputado","Male","Sem cargo"
"José Mendonça De Morais","PMDB","MG","Deputado","Male","Sem cargo"
"José Moura","PFL","PE","Deputado","Male","Sem cargo"
"José Queiroz","PFL","SE","Deputado","Male","Sem cargo"
"José Santana De Vasconcellos","PFL","MG","Deputado","Male","Sem cargo"
"José Serra","PMDB","SP","Deputado","Male","Sem cargo"
"José Tavares","PMDB","PR","Deputado","Male","Sem cargo"
"José Teixeira","PFL","MA","Deputado","Male","Sem cargo"
"José Thomaz Nonô","PFL","AL","Deputado","Male","Sem cargo"
"José Tinoco","PFL","PE","Deputado","Male","Sem cargo"
"José Ulisses De Oliveira","PMDB","MG","Deputado","Male","Sem cargo"
"José Viana","PMDB","RO","Deputado","Male","Sem cargo"
"José Yunes","PMDB","SP","Deputado","Male","Sem cargo"
"Jovanni Masini","PMDB","PR","Deputado","Male","Sem cargo"
"Juarez Antunes","PDT","RJ","Deputado","Male","Sem cargo"
"Júlio Campos","PFL","MT","Deputado","Male","Sem cargo"
"Julio Costamilan","PMDB","RS","Deputado","Male","Sem cargo"
"Jutahy Junior","PMDB","BA","Deputado","Male","Sem cargo"
"Koyu Iha","PMDB","SP","Deputado","Male","Sem cargo"
"Lael Varella","PFL","MG","Deputado","Male","Sem cargo"
"Lélio Souza","PMDB","RS","Deputado","Male","Sem cargo"
"Leopoldo Bessone","PMDB","MG","Deputado","Male","Sem cargo"
"Leur Lomanto","PFL","BA","Deputado","Male","Sem cargo"
"Levy Dias","PFL","MS","Deputado","Male","Sem cargo"
"Lézio Sathler","PMDB","ES","Deputado","Male","Sem cargo"
"Lídice Da Mata","PCdoB","BA","Deputado","Female","Sem cargo"
"Lúcia Braga","PFL","PB","Deputado","Female","Sem cargo"
"Lúcia Vânia","PMDB","GO","Deputado","Female","Sem cargo"
"Lúcio Alcântara","PFL","CE","Deputado","Male","Sem cargo"
"Luís Eduardo","PFL","BA","Deputado","Male","Sem cargo"
"Luis Roberto Ponte","PMDB","RS","Deputado","Male","Sem cargo"
"Luiz Alberto Rodrigues","PMDB","MG","Deputado","Male","Sem cargo"
"Luiz Freire","PMDB","PE","Deputado","Male","Sem cargo"
"Luiz Gushiken","PT","SP","Deputado","Male","Sem cargo"
"Luiz Henrique","PMDB","SC","Deputado","Male","Sem cargo"
"Luiz Inácio Lula Da Silva","PT","SP","Deputado","Male","Sem cargo"
"Luiz Leal","PMDB","MG","Deputado","Male","Sem cargo"
"Luiz Marques","PFL","CE","Deputado","Male","Sem cargo"
"Luiz Salomão","PDT","RJ","Deputado","Male","Sem cargo"
"Luiz Soyer","PMDB","GO","Deputado","Male","Suplente"
"Luiz Viana Neto","PMDB","BA","Deputado","Male","Sem cargo"
"Lysâneas Maciel","PDT","RJ","Deputado","Male","Sem cargo"
"Maguito Vilela","PMDB","GO","Deputado","Male","Sem cargo"
"Maluly Netto","PFL","SP","Deputado","Male","Sem cargo"
"Manoel Castro","PFL","BA","Deputado","Male","Sem cargo"
"Manoel Moreira","PMDB","SP","Deputado","Male","Sem cargo"
"Manoel Ribeiro","PMDB","PA","Deputado","Male","Sem cargo"
"Manuel Viana","PMDB","CE","Deputado","Male","Sem cargo"
"Marcelo Cordeiro","PMDB","BA","Deputado","Male","1º Secretário"
"Márcia Kubitschek","PMDB","DF","Deputado","Female","Sem cargo"
"Márcio Braga","PMDB","RJ","Deputado","Male","Sem cargo"
"Marcos Lima","PMDB","MG","Deputado","Male","Sem cargo"
"Marcos Perez Queiroz","PMDB","PE","Deputado","Male","Sem cargo"
"Maria De Lourdes Abadia","PFL","DF","Deputado","Female","Sem cargo"
"Maria Lúcia","PMDB","AC","Deputado","Female","Sem cargo"
"Mário Assad","PFL","MG","Deputado","Male","Sem cargo"
"Mário Bouchardet","PMDB","MG","Deputado","Male","Sem cargo"
"Mário De Oliveira","PMDB","MG","Deputado","Male","Sem cargo"
"Mário Lima","PMDB","BA","Deputado","Male","Sem cargo"
"Marluce Pinto","PTB","RR","Deputado","Female","Sem cargo"
"Matheus Iensen","PMDB","PR","Deputado","Male","Sem cargo"
"Mattos Leão","PMDB","PR","Deputado","Male","Sem cargo"
"Maurício Campos","PFL","MG","Deputado","Male","Sem cargo"
"Maurício Fruet","PMDB","PR","Deputado","Male","Sem cargo"
"Maurício Nasser","PMDB","PR","Deputado","Male","Sem cargo"
"Maurício Pádua","PMDB","MG","Deputado","Male","Sem cargo"
"Maurilio Ferreira Lima","PMDB","PE","Deputado","Male","Sem cargo"
"Mauro Campos","PMDB","MG","Deputado","Male","Sem cargo"
"Mauro Fecury","PFL","MA","Deputado","Male","Sem cargo"
"Mauro Miranda","PMDB","GO","Deputado","Male","Sem cargo"
"Mauro Sampaio","PMDB","CE","Deputado","Male","Sem cargo"
"Max Rosenmann","PMDB","PR","Deputado","Male","Sem cargo"
"Mello Reis","PDS","MG","Deputado","Male","Sem cargo"
"Melo Freire","PMDB","MG","Deputado","Male","Sem cargo"
"Mendes Botelho","PTB","SP","Deputado","Male","Sem cargo"
"Mendes Ribeiro","PMDB","RS","Deputado","Male","Sem cargo"
"Messias Góis","PFL","SE","Deputado","Male","Sem cargo"
"Messias Soares","PMDB","RJ","Deputado","Male","Sem cargo"
"Michel Temer","PMDB","SP","Deputado","Male","Sem cargo"
"Milton Barbosa","PMDB","BA","Deputado","Male","Sem cargo"
"Milton Lima","PMDB","MG","Deputado","Male","Sem cargo"
"Milton Reis","PMDB","MG","Deputado","Male","Sem cargo"
"Miraldo Gomes","PMDB","BA","Deputado","Male","Sem cargo"
"Miro Teixeira","PMDB","RJ","Deputado","Male","Sem cargo"
"Moema São Thiago","PDT","CE","Deputado","Female","Sem cargo"
"Moysés Pimentel","PMDB","CE","Deputado","Male","Sem cargo"
"Mozarildo Cavalcanti","PFL","RR","Deputado","Male","Sem cargo"
"Mussa Demes","PFL","PI","Deputado","Male","Sem cargo"
"Myriam Portella","PDS","PI","Deputado","Female","Sem cargo"
"Naphtali Alves De Souza","PMDB","GO","Deputado","Male","Sem cargo"
"Narciso Mendes","PDS","AC","Deputado","Male","Sem cargo"
"Nelson Aguiar","PMDB","ES","Deputado","Male","Sem cargo"
"Nelson Jobim","PMDB","RS","Deputado","Male","Sem cargo"
"Nelson Sabrá","PFL","RJ","Deputado","Male","Sem cargo"
"Nelson Seixas","PDT","SP","Deputado","Male","Sem cargo"
"Nelton Friedrich","PMDB","PR","Deputado","Male","Sem cargo"
"Nestor Duarte","PMDB","BA","Deputado","Male","Sem cargo"
"Neuto De Conto","PMDB","SC","Deputado","Male","Sem cargo"
"Nilso Sguarezi","PMDB","PR","Deputado","Male","Sem cargo"
"Nilson Gibson","PMDB","PE","Deputado","Male","Sem cargo"
"Nion Albernaz","PMDB","GO","Deputado","Male","Sem cargo"
"Noel De Carvalho","PDT","RJ","Deputado","Male","Sem cargo"
"Norberto Schwantes","PMDB","MT","Deputado","Male","Sem cargo"
"Nyder Barbosa","PMDB","ES","Deputado","Male","Sem cargo"
"Octávio Elísio","PMDB","MG","Deputado","Male","Sem cargo"
"Olívio Dutra","PT","RS","Deputado","Male","Sem cargo"
"Onofre Corrêa","PMDB","MA","Deputado","Male","Sem cargo"
"Orlando Bezerra","PFL","CE","Deputado","Male","Sem cargo"
"Orlando Pacheco","PFL","SC","Deputado","Male","Sem cargo"
"Oscar Corrêa","PFL","MG","Deputado","Male","Sem cargo"
"Osmar Leitão","PFL","RJ","Deputado","Male","Sem cargo"
"Osmir Lima","PMDB","AC","Deputado","Male","Sem cargo"
"Osmundo Rebouças","PMDB","CE","Deputado","Male","Sem cargo"
"Osvaldo Bender","PDS","RS","Deputado","Male","Sem cargo"
"Osvaldo Coelho","PFL","PE","Deputado","Male","Sem cargo"
"Osvaldo Macedo","PMDB","PR","Deputado","Male","Sem cargo"
"Osvaldo Sobrinho","PMDB","MT","Deputado","Male","Sem cargo"
"Oswaldo Almeida","PL","RJ","Deputado","Male","Sem cargo"
"Oswaldo Lima Filho","PMDB","PE","Deputado","Male","Sem cargo"
"Oswaldo Trevisan","PMDB","PR","Deputado","Male","Sem cargo"
"Ottomar Pinto","PTB","RR","Deputado","Male","Sem cargo"
"Paes De Andrade","PMDB","CE","Deputado","Male","Sem cargo"
"Paes Landim","PFL","PI","Deputado","Male","Sem cargo"
"Paulo Almada","PMDB","MG","Deputado","Male","Sem cargo"
"Paulo Delgado","PT","MG","Deputado","Male","Sem cargo"
"Paulo Macarini","PMDB","SC","Deputado","Male","Sem cargo"
"Paulo Marques","PFL","PE","Deputado","Male","Sem cargo"
"Paulo Mincarone","PMDB","RS","Deputado","Male","Sem cargo"
"Paulo Paim","PT","RS","Deputado","Male","Sem cargo"
"Paulo Pimentel","PFL","PR","Deputado","Male","Sem cargo"
"Paulo Ramos","PMDB","RJ","Deputado","Male","Sem cargo"
"Paulo Roberto","PMDB","PA","Deputado","Male","Sem cargo"
"Paulo Roberto Cunha","PDC","GO","Deputado","Male","Sem cargo"
"Paulo Silva","PMDB","PI","Deputado","Male","Sem cargo"
"Paulo Zarzur","PMDB","SP","Deputado","Male","Sem cargo"
"Pedro Canedo","PFL","GO","Deputado","Male","Sem cargo"
"Pedro Ceolin","PFL","ES","Deputado","Male","Sem cargo"
"Percival Muniz","PMDB","MT","Deputado","Male","Sem cargo"
"Pimenta Da Veiga","PMDB","MG","Deputado","Male","Sem cargo"
"Plínio Arruda Sampaio","PT","SP","Deputado","Male","Sem cargo"
"Plínio Martins","PMDB","MS","Deputado","Male","Sem cargo"
"Prisco Viana","PMDB","BA","Deputado","Male","Sem cargo"
"Raimundo Bezerra","PMDB","CE","Deputado","Male","Sem cargo"
"Raimundo Rezende","PMDB","MG","Deputado","Male","Sem cargo"
"Ralph Biasi","PMDB","SP","Deputado","Male","Sem cargo"
"Raquel Cândido","PFL","RO","Deputado","Female","Sem cargo"
"Raquel Capiberibe","PSB","AP","Deputado","Female","Sem cargo"
"Raul Belém","PMDB","MG","Deputado","Male","Sem cargo"
"Raul Ferraz","PMDB","BA","Deputado","Male","Sem cargo"
"Renan Calheiros","PMDB","AL","Deputado","Male","Sem cargo"
"Renato Bernardi","PMDB","PR","Deputado","Male","Sem cargo"
"Renato Johnsson","PMDB","PR","Deputado","Male","Sem cargo"
"Renato Vianna","PMDB","SC","Deputado","Male","Sem cargo"
"Ricardo Fiuza","PFL","PE","Deputado","Male","Sem cargo"
"Ricardo Izar","PFL","SP","Deputado","Male","Sem cargo"
"Rita Camata","PMDB","ES","Deputado","Female","Sem cargo"
"Rita Furtado","PFL","RO","Deputado","Female","Sem cargo"
"Roberto Augusto","PTB","RJ","Deputado","Male","Sem cargo"
"Roberto Balestra","PDC","GO","Deputado","Male","Sem cargo"
"Roberto Brant","PMDB","MG","Deputado","Male","Sem cargo"
"Roberto Davila","PDT","RJ","Deputado","Male","Sem cargo"
"Roberto Freire","PCB","PE","Deputado","Male","Sem cargo"
"Roberto Jefferson","PTB","RJ","Deputado","Male","Sem cargo"
"Roberto Rollemberg","PMDB","SP","Deputado","Male","Sem cargo"
"Roberto Torres","PTB","AL","Deputado","Male","Sem cargo"
"Roberto Vital","PMDB","MG","Deputado","Male","Sem cargo"
"Robson Marinho","PMDB","SP","Deputado","Male","Sem cargo"
"Rodrigues Palma","PMDB","MT","Deputado","Male","Sem cargo"
"Ronaldo Carvalho","PMDB","MG","Deputado","Male","Sem cargo"
"Ronaldo Cezar Coelho","PMDB","RJ","Deputado","Male","Sem cargo"
"Ronaro Corrêa","PFL","MG","Deputado","Male","Sem cargo"
"Rosa Prata","PMDB","MG","Deputado","Male","Sem cargo"
"Rosário Congro Neto","PMDB","MS","Deputado","Male","Sem cargo"
"Rose De Freitas","PMDB","ES","Deputado","Female","Sem cargo"
"Rospide Netto","PMDB","RS","Deputado","Male","Sem cargo"
"Rubem Branquinho","PMDB","AC","Deputado","Male","Sem cargo"
"Rubem Medina","PFL","RJ","Deputado","Male","Sem cargo"
"Ruben Figueiró","PMDB","MS","Deputado","Male","Sem cargo"
"Ruberval Pilotto","PDS","SC","Deputado","Male","Sem cargo"
"Ruy Nedel","PMDB","RS","Deputado","Male","Sem cargo"
"Sadie Hauache","PFL","AM","Deputado","Female","Sem cargo"
"Salatiel Carvalho","PFL","PE","Deputado","Male","Sem cargo"
"Samir Achôa","PMDB","SP","Deputado","Male","Sem cargo"
"Sandra Cavalcanti","PFL","RJ","Deputado","Female","Sem cargo"
"Santinho Furtado","PMDB","PR","Deputado","Male","Sem cargo"
"Sarney Filho","PFL","MA","Deputado","Male","Sem cargo"
"Saulo Queiroz","PFL","MS","Deputado","Male","Sem cargo"
"Sérgio Brito","PFL","BA","Deputado","Male","Sem cargo"
"Sérgio Naya","PMDB","MG","Deputado","Male","Sem cargo"
"Sérgio Spada","PMDB","PR","Deputado","Male","Sem cargo"
"Sérgio Werneck","PMDB","MG","Deputado","Male","Sem cargo"
"Sigmaringa Seixas","PMDB","DF","Deputado","Male","Sem cargo"
"Sílvio Abreu Júnior","PMDB","MG","Deputado","Male","Sem cargo"
"Simão Sessim","PFL","RJ","Deputado","Male","Sem cargo"
"Siqueira Campos","PDC","GO","Deputado","Male","Sem cargo"
"Sólon Borges Reis","PTB","SP","Deputado","Male","Sem cargo"
"Sotero Cunha","PDC","RJ","Deputado","Male","Suplente"
"Stélio Dias","PFL","ES","Deputado","Male","Sem cargo"
"Tadeu França","PMDB","PR","Deputado","Male","Sem cargo"
"Telmo Kirst","PDS","RS","Deputado","Male","Sem cargo"
"Theodoro Mendes","PMDB","SP","Deputado","Male","Sem cargo"
"Tidei De Lima","PMDB","SP","Deputado","Male","Sem cargo"
"Tito Costa","PMDB","SP","Deputado","Male","Sem cargo"
"Ubiratan Aguiar","PMDB","CE","Deputado","Male","Sem cargo"
"Ubiratan Spinelli","PDS","MT","Deputado","Male","Sem cargo"
"Uldurico Pinto","PMDB","BA","Deputado","Male","Sem cargo"
"Ulysses Guimarães","PMDB","SP","Deputado","Male","Presidente"
"Valmir Campelo","PFL","DF","Deputado","Male","Sem cargo"
"Valter Pereira","PMDB","MS","Deputado","Male","Sem cargo"
"Vasco Alves","PMDB","ES","Deputado","Male","Sem cargo"
"Vicente Bogo","PMDB","RS","Deputado","Male","Sem cargo"
"Victor Faccioni","PDS","RS","Deputado","Male","Sem cargo"
"Victor Fontana","PFL","SC","Deputado","Male","Sem cargo"
"Vieira Da Silva","PDS","MA","Deputado","Male","Sem cargo"
"Vilson Souza","PMDB","SC","Deputado","Male","Sem cargo"
"Vingt Rosado","PMDB","RN","Deputado","Male","Sem cargo"
"Vinicius Cansanção","PFL","AL","Deputado","Male","Sem cargo"
"Virgildásio De Senna","PMDB","BA","Deputado","Male","Sem cargo"
"Virgílio Galassi","PDS","MG","Deputado","Male","Sem cargo"
"Virgílio Guimarães","PT","MG","Deputado","Male","Sem cargo"
"Vítor Buaiz","PT","ES","Deputado","Male","Sem cargo"
"Vitor Trovão","PFL","MA","Deputado","Male","Sem cargo"
"Vivaldo Barbosa","PDT","RJ","Deputado","Male","Sem cargo"
"Vladimir Palmeira","PT","RJ","Deputado","Male","Sem cargo"
"Wagner Lago","PMDB","MA","Deputado","Male","Sem cargo"
"Waldeck Ornélas","PFL","BA","Deputado","Male","Sem cargo"
"Waldyr Pugliesi","PMDB","PR","Deputado","Male","Sem cargo"
"Walmor De Luca","PMDB","SC","Deputado","Male","Sem cargo"
"Wilma Maia","PDS","RN","Deputado","Female","Sem cargo"
"Wilson Campos","PMDB","PE","Deputado","Male","Sem cargo"
"Ziza Valadares","PMDB","MG","Deputado","Male","Sem cargo"
"Affonso Arinos","PFL","RJ","Senador","Male","Sem cargo"
"Affonso Camargo","PMDB","PR","Senador","Male","Sem cargo"
"Afonso Sancho","PDS","CE","Senador","Male","Sem cargo"
"Albano Franco","PSDB","SE","Senador","Male","Sem cargo"
"Alexandre Costa","PFL","MA","Senador","Male","Sem cargo"
"Alfredo Campos","PMDB","MG","Senador","Male","Sem cargo"
"Almir Gabriel","PMDB","PA","Senador","Male","Sem cargo"
"Aluísio Bezerra","PMDB","AC","Senador","Male","Sem cargo"
"Alvaro Dias","PMDB","PR","Senador","Male","Sem cargo"
"Álvaro Pacheco","PFL","PI","Senador","Male","Sem cargo"
"Antônio Farias","PMB","PE","Senador","Male","Sem cargo"
"Áureo De Mello","PMDB","AM","Senador","Male","Sem cargo"
"Carlos Alberto","PTB","RN","Senador","Male","Sem cargo"
"Carlos Alberto Decarli","PMDB","AM","Senador","Male","Sem cargo"
"Carlos Chiarelli","PFL","RS","Senador","Male","Sem cargo"
"Chagas Rodrigues","PSDB","PI","Senador","Male","Sem cargo"
"Cid Sabóia De Carvalho","PMDB","CE","Senador","Male","Sem cargo"
"Dirceu Carneiro","PMDB","SC","Senador","Male","Sem cargo"
"Divaldo Suruagy","PFL","AL","Senador","Male","Sem cargo"
"Edison Lobão","PFL","MA","Senador","Male","Sem cargo"
"Fábio Lucena","PMDB","AM","Senador","Male","Sem cargo"
"Fernando Henrique Cardoso","PMDB","SP","Senador","Male","Sem cargo"
"Francisco Rollemberg","PMDB","SE","Senador","Male","Sem cargo"
"Gerson Camata","PMDB","ES","Senador","Male","Sem cargo"
"Guilherme Palmeira","PFL","AL","Senador","Male","Sem cargo"
"Helio Gueiros","PMDB","PA","Senador","Male","Sem cargo"
"Hugo Napoleão","PFL","PI","Senador","Male","Sem cargo"
"Humberto Lucena","PMDB","PB","Senador","Male","Sem cargo"
"Iram Saraiva","PMDB","GO","Senador","Male","Sem cargo"
"Irapuam Costa Junior","PMDB","GO","Senador","Male","Sem cargo"
"Itamar Franco","PL","MG","Senador","Male","Sem cargo"
"Ivan Bonato","PFL","SC","Senador","Male","Sem cargo"
"Jamil Haddad","PSB","RJ","Senador","Male","Sem cargo"
"Jarbas Passarinho","PDS","PA","Senador","Male","Sem cargo"
"João Calmon","PMDB","ES","Senador","Male","Sem cargo"
"João Castelo","PDS","MA","Senador","Male","Sem cargo"
"João Lobo","PFL","PI","Senador","Male","Sem cargo"
"João Menezes","PFL","PA","Senador","Male","Sem cargo"
"Jorge Bornhausen","PFL","SC","Senador","Male","Sem cargo"
"José Agripino","PFL","RN","Senador","Male","Sem cargo"
"José Fogaça","PMDB","RS","Senador","Male","Sem cargo"
"José Ignácio Ferreira","PMDB","ES","Senador","Male","Sem cargo"
"José Paulo Bisol","PSDB","RS","Senador","Male","Sem cargo"
"José Richa","PSDB","PR","Senador","Male","Sem cargo"
"Jutahy Magalhães","PMDB","BA","Senador","Male","Sem cargo"
"Lavoisier Maia","PDS","RN","Senador","Male","Sem cargo"
"Leite Chaves","PMDB","PR","Senador","Male","Sem cargo"
"Leopoldo Peres","PMDB","AM","Senador","Male","Sem cargo"
"Louremberg Nunes Rocha","PMDB","MT","Senador","Male","Sem cargo"
"Lourival Baptista","PDS","SE","Senador","Male","Sem cargo"
"Luiz Viana","PMDB","BA","Senador","Male","Sem cargo"
"Mansueto De Lavor","PMDB","PE","Senador","Male","Sem cargo"
"Marcelo Miranda","PMDB","MS","Senador","Male","Sem cargo"
"Marcio Lacerda","PMDB","MT","Senador","Male","Sem cargo"
"Marco Maciel","PFL","PE","Senador","Male","Sem cargo"
"Marcondes Gadelha","PFL","PB","Senador","Male","Sem cargo"
"Mário Covas","PSDB","SP","Senador","Male","Sem cargo"
"Mário Maia","PMDB","AC","Senador","Male","2º Secretário"
"Maurício Corrêa","PDT","DF","Senador","Male","Sem cargo"
"Mauro Benevides","PMDB","CE","Senador","Male","1º Vice-Presidente"
"Mauro Borges","PMD","GO","Senador","Male","Sem cargo"
"Meira Filho","PMDB","DF","Senador","Male","Sem cargo"
"Mendes Canale","PSDB","MS","Senador","Male","Sem cargo"
"Nabor Júnior","PMDB","AC","Senador","Male","Sem cargo"
"Nelson Carneiro","PMDB","RJ","Senador","Male","Sem cargo"
"Nelson Wedekin","PMDB","SC","Senador","Male","Sem cargo"
"Ney Maranhão","PMB","PE","Senador","Male","Sem cargo"
"Nivaldo Machado","PFL","PE","Senador","Male","Sem cargo"
"Odacir Soares","PFL","RO","Senador","Male","Sem cargo"
"Olavo Pires","PMDB","RO","Senador","Male","Sem cargo"
"Pompeu De Souza","PSDB","DF","Senador","Male","Sem cargo"
"Rachid Saldanha Derzi","PMDB","MS","Senador","Male","Sem cargo"
"Raimundo Lira","PMDB","PB","Senador","Male","Sem cargo"
"Roberto Campos","PDS","MT","Senador","Male","Sem cargo"
"Ronaldo Aragão","PMDB","RO","Senador","Male","Sem cargo"
"Ronan Tito","PMDB","MG","Senador","Male","Sem cargo"
"Ruy Bacelar","PMDB","BA","Senador","Male","Sem cargo"
"Severo Gomes","PMDB","SP","Senador","Male","Sem cargo"
"Teotônio Vilela Filho","PMDB","AL","Senador","Male","Sem cargo"
"Virgílio Távora","PDS","CE","Senador","Male","Sem cargo"
"Wilson Martins","PMDB","MS","Senador","Male","Sem cargo"
